<?xml version="1.0" encoding="UTF-8"?>
<!DOCTYPE hibernate-configuration PUBLIC
		"-//Hibernate/Hibernate Configuration DTD 3.0//EN"
		"http://www.hibernate.org/dtd/hibernate-configuration-3.0.dtd">
<hibernate-configuration>
    <session-factory>
    	<property name="hibernate.connection.driver_class">com.mysql.jdbc.Driver</property>
		<property name="hibernate.connection.url">jdbc:mysql://localhost:3306/myshopdb</property>
		<property name="hibernate.connection.username">root</property>
		<property name="hibernate.connection.password">root</property>
		<property name="hibernate.hbm2ddl.auto">create</property>
		<property name="hibernate.dialect">org.hibernate.dialect.MySQL5Dialect</property>
		<property name="hibernate.show_sql">true</property>
		<property name="hibernate.hbm2ddl.import_files">import_sql.sql</property>

		 <mapping class="com.project.pojo.Category" />
		<mapping class="com.project.pojo.Order" />
		<mapping class="com.project.pojo.OrderLine" />
		<mapping class="com.project.pojo.Product" />
		<mapping class="com.project.pojo.Person" />
		<mapping class="com.project.pojo.User" /> 
		<mapping class="com.project.pojo.Administrator" /> 
		<mapping class="com.project.pojo.Status" /> 
    </session-factory>
</hibernate-configuration>
